{
  "timestamp": "2026-05-29T18:18:04.378096",
  "ejercicio": "squat",
  "video_entrada": "squat_test.mp4",
  "video_salida": "video_procesado.mp4",
  "duracion_segundos": 11.033333333333333,
  "total_frames": 331,
  "fps": 30,
  "scores": {
    "promedio": 76.02719033232628,
    "maximo": 100.0,
    "minimo": 40.0,
    "frames_buenos_80plus": 127,
    "frames_malos_menos50": 2,
    "frames_totales_validos": 331
  },
  "todos_scores": [
    90.0,
    90.0,
    90.0,
    75.0,
    75.0,
    75.0,
    75.0,
    75.0,
    75.0,
    75.0,
    75.0,
    90.0,
    90.0,
    90.0,
    90.0,
    90.0,
    100.0,
    100.0,
    100.0,
    85.0,
    85.0,
    75.0,
    90.0,
    75.0,
    75.0,
    55.0,
    55.0,
    55.0,
    55.0,
    55.0,
    55.0,
    55.0,
    55.0,
    55.0,
    55.0,
    55.0,
    55.0,
    55.0,
    55.0,
    55.0,
    55.0,
    55.0,
    55.0,
    55.0,
    55.0,
    55.0,
    55.0,
    55.0,
    55.0,
    55.0,
    55.0,
    90.0,
    90.0,
    75.0,
    90.0,
    90.0,
    90.0,
    90.0,
    100.0,
    100.0,
    90.0,
    90.0,
    90.0,
    75.0,
    75.0,
    75.0,
    75.0,
    75.0,
    75.0,
    75.0,
    75.0,
    75.0,
    75.0,
    75.0,
    75.0,
    75.0,
    75.0,
    75.0,
    90.0,
    90.0,
    90.0,
    90.0,
    90.0,
    100.0,
    100.0,
    100.0,
    100.0,
    75.0,
    75.0,
    75.0,
    60.0,
    75.0,
    75.0,
    75.0,
    75.0,
    75.0,
    75.0,
    75.0,
    75.0,
    75.0,
    75.0,
    75.0,
    75.0,
    75.0,
    75.0,
    55.0,
    55.0,
    55.0,
    55.0,
    55.0,
    55.0,
    55.0,
    55.0,
    55.0,
    55.0,
    55.0,
    75.0,
    75.0,
    75.0,
    75.0,
    90.0,
    90.0,
    90.0,
    90.0,
    90.0,
    90.0,
    90.0,
    90.0,
    90.0,
    90.0,
    90.0,
    75.0,
    90.0,
    90.0,
    90.0,
    75.0,
    90.0,
    75.0,
    90.0,
    90.0,
    90.0,
    90.0,
    90.0,
    90.0,
    90.0,
    90.0,
    90.0,
    100.0,
    100.0,
    100.0,
    90.0,
    75.0,
    75.0,
    75.0,
    75.0,
    75.0,
    75.0,
    75.0,
    75.0,
    75.0,
    75.0,
    75.0,
    55.0,
    55.0,
    55.0,
    55.0,
    55.0,
    55.0,
    55.0,
    55.0,
    75.0,
    75.0,
    55.0,
    55.0,
    75.0,
    75.0,
    75.0,
    75.0,
    75.0,
    75.0,
    90.0,
    90.0,
    90.0,
    90.0,
    100.0,
    100.0,
    100.0,
    100.0,
    90.0,
    90.0,
    90.0,
    90.0,
    75.0,
    75.0,
    75.0,
    75.0,
    90.0,
    75.0,
    75.0,
    75.0,
    90.0,
    90.0,
    90.0,
    90.0,
    90.0,
    75.0,
    75.0,
    75.0,
    90.0,
    90.0,
    90.0,
    90.0,
    100.0,
    100.0,
    100.0,
    100.0,
    75.0,
    90.0,
    75.0,
    60.0,
    75.0,
    60.0,
    60.0,
    75.0,
    75.0,
    55.0,
    55.0,
    55.0,
    55.0,
    55.0,
    55.0,
    55.0,
    55.0,
    55.0,
    55.0,
    40.0,
    40.0,
    55.0,
    55.0,
    55.0,
    55.0,
    55.0,
    55.0,
    55.0,
    55.0,
    55.0,
    70.0,
    70.0,
    75.0,
    90.0,
    90.0,
    90.0,
    90.0,
    100.0,
    90.0,
    90.0,
    90.0,
    90.0,
    90.0,
    75.0,
    75.0,
    75.0,
    75.0,
    90.0,
    90.0,
    75.0,
    75.0,
    75.0,
    90.0,
    75.0,
    75.0,
    75.0,
    75.0,
    75.0,
    75.0,
    90.0,
    90.0,
    90.0,
    100.0,
    100.0,
    100.0,
    100.0,
    100.0,
    90.0,
    90.0,
    75.0,
    75.0,
    75.0,
    75.0,
    75.0,
    75.0,
    55.0,
    55.0,
    55.0,
    55.0,
    55.0,
    55.0,
    55.0,
    55.0,
    55.0,
    55.0,
    55.0,
    55.0,
    55.0,
    55.0,
    55.0,
    55.0,
    55.0,
    55.0,
    75.0,
    75.0,
    75.0,
    75.0,
    90.0,
    90.0,
    90.0,
    90.0,
    90.0,
    100.0,
    100.0,
    100.0,
    90.0,
    90.0,
    85.0,
    85.0,
    85.0,
    85.0,
    85.0,
    75.0,
    75.0,
    75.0
  ]
}